nombre,precio
"Audifonos PANASONIC Bluetooth Deportivos Open Ear de conduccion abierta RB-F10DE-K Cancelación de Ruido Negro
4.4
(5)",214900
"Audifonos PANASONIC Bluetooth Deportivos Open Ear de conduccion abierta RB-F10DE-C Cancelación de Ruido Beige
5.0
(1)",214900
"Audífonos REDMI Inalámbricos Bluetooth In Ear Buds 6 Play Negro
4.8
(219)",59900
"Audífonos JBL Inalámbricos Bluetooth In Ear TWS Flex 2 Cancelación de Ruido Negro
5.0
(7)",319900
"Audífonos PANASONIC Inalámbricos Bluetooth On Ear HF630BE-K Cancelacion de ruido (ENC) Negro
4.7
(17)",129900
"Audífonos PANASONIC Inalámbricos Bluetooth In Ear TWS RZ-B110WDE-K Negro
4.8
(285)",99900
"Audífonos SONY Inalámbricos Bluetooth In Ear Deportivos TWS WF-C510 Negro
4.8
(43)",199900
Audífonos HUAWEI Inalámbricos Bluetooth Open ear FreeClip 2 Rosa,699900
"Audifonos REDMI Inalambricos Bluetooth In Ear Buds 6 Cancelación de Ruido Negro
4.8
(11)",169900
"Audífonos Sony Inalámbricos Bluetooth In Ear Manos Libres WI-C100 Negro
4.8
(613)",109900
"Audífonos JBL Inalámbricos Bluetooth In Ear TWS Wave Beam2 Cancelación de Ruido Negro
4.6
(5)",266900
"Audífonos SOUNDCORE Inalámbricos Bluetooth In Ear P25i Cancelacíon de Ruido Negro
4.7
(52)",69900
"Audifonos HUAWEI Inalámbricos Bluetooth Deportivos Open Ear FreeArc Negro
4.8
(8)",349900
"Audífonos JBL Inalámbricos Bluetooth In Ear TWS Wave Buds2 Cancelación de Ruido Blanco
5.0
(2)",199900
Audífonos JBL Inalámbricos Bluetooth In Ear TWS Flex 2 Cancelación de Ruido Blanco,319900
