producto_db,nombre_producto,precio
Auriculares Bluetooth,"Audifonos PANASONIC Bluetooth Deportivos Open Ear de conduccion abierta RB-F10DE-K Cancelación de Ruido Negro
4.4
(5)",214900
Auriculares Bluetooth,"Audifonos PANASONIC Bluetooth Deportivos Open Ear de conduccion abierta RB-F10DE-C Cancelación de Ruido Beige
5.0
(1)",214900
Auriculares Bluetooth,"Audífonos REDMI Inalámbricos Bluetooth In Ear Buds 6 Play Negro
4.8
(218)",59900
Auriculares Bluetooth,"Audífonos JBL Inalámbricos Bluetooth In Ear TWS Flex 2 Cancelación de Ruido Negro
5.0
(7)",319900
Auriculares Bluetooth,"Audífonos PANASONIC Inalámbricos Bluetooth On Ear HF630BE-K Cancelacion de ruido (ENC) Negro
4.7
(17)",129900
Auriculares Bluetooth,Audífonos HUAWEI Inalámbricos Bluetooth Open ear FreeClip 2 Rosa,699900
Auriculares Bluetooth,"Audifonos REDMI Inalambricos Bluetooth In Ear Buds 6 Cancelación de Ruido Negro
4.8
(11)",169900
Auriculares Bluetooth,"Audífonos Sony Inalámbricos Bluetooth In Ear Manos Libres WI-C100 Negro
4.8
(613)",109900
Auriculares Bluetooth,"Audífonos SONY Inalámbricos Bluetooth In Ear Deportivos TWS WF-C510 Negro
4.8
(43)",199900
Auriculares Bluetooth,"Audifonos HUAWEI Inalámbricos Bluetooth Deportivos In Ear Freebuds SE4 Cancelación de Ruido Negro Carbón
4.6
(5)",179900
Auriculares Bluetooth,"Audífonos JBL Inalámbricos Bluetooth In Ear TWS Wave Beam2 Cancelación de Ruido Negro
4.6
(5)",266900
Auriculares Bluetooth,"Audifonos HUAWEI Inalámbricos Bluetooth Deportivos Open Ear FreeArc Negro
4.8
(9)",349900
Auriculares Bluetooth,"Audífonos ESENSES Inalámbricos Bluetooth Deportivos Open Ear de Conducción Ósea EB-7000-BC Negro
4.5
(11)",129900
Auriculares Bluetooth,"Audífonos PANASONIC Inalámbricos Bluetooth In Ear TWS RZ-B110WDE-K Negro
4.8
(286)",99900
Auriculares Bluetooth,"Audifonos HUAWEI Inalámbricos Bluetooth Deportivos In Ear Freebuds SE4 Cancelación de Ruido Blanco Perla
5.0
(3)",179900
Auriculares Bluetooth,"Audífonos SOUNDCORE Inalámbricos Bluetooth In Ear P25i Cancelacíon de Ruido Negro
4.7
(52)",69900
Auriculares Bluetooth,"Audífonos JBL Inalámbricos Bluetooth In Ear TWS Wave Buds2 Cancelación de Ruido Blanco
5.0
(2)",199900
Auriculares Bluetooth,"Audífonos REDMI Inalámbricos Bluetooth In Ear Buds 6 Play Rosado
4.7
(15)",59900
Auriculares Bluetooth,"Audifonos HUAWEI Inalámbricos Bluetooth Deportivos In Ear TWS Freebuds 7i Cancelación de Ruido Negro Carbón
5.0
(3)",329900
Auriculares Bluetooth,Audífonos REDMI Inalambricos Bluetooth In Ear TWS Buds 8 Active Negro,99900
Auriculares Bluetooth,Audífonos JBL Inalámbricos Bluetooth In Ear TWS Flex 2 Cancelación de Ruido Blanco,319900
Auriculares Bluetooth,Audífonos HUAWEI Inalámbricos Bluetooth Open ear FreeClip 2 Negro,699900
Auriculares Bluetooth,"Audifonos MOTOROLA Inalámbricos Bluetooth Open Ear Buds Loop Verde
4.8
(5)",399900
Auriculares Bluetooth,"Audifonos REDMI Inalambricos Bluetooth In Ear Buds 6 Cancelación de Ruido Blanco
4.5
(2)",169900
Auriculares Bluetooth,"Audífonos REDMI Inalámbricos Bluetooth In Ear Buds 6 Play Azul
5.0
(21)",59900
Cable USB-C 2m,"Cable i2GO USB-A a USB-C 1.2m Blanco
5.0
(1)",27900
Funda Laptop 15 pulgadas,"Funda TECHBAG 15"" Pulgadas Negro",49900
Funda Laptop 15 pulgadas,"Computador Portátil HP 15"" Pulgadas Fc0276la - AMD Ryzen 7 - RAM 16GB - Disco SSD 1TB - Plateado
5.0
(38)",2618070
Funda Laptop 15 pulgadas,"Computador Portátil HP 15"" Pulgadas fd0331la - Intel Core i3 - RAM 8GB - Disco SSD 512GB - Plateado
5.0
(2)",1999070
Funda Laptop 15 pulgadas,"Computador Portátil HP 15"" Pulgadas Fd0274la - Intel Core i7 - RAM 16GB - Disco SSD 512GB - Dorado
4.9
(16)",2618070
Funda Laptop 15 pulgadas,"Computador Portátil HP 15"" Pulgadas fd2359la Táctil - Intel Core Ultra 5 - RAM 16GB - Disco SSD 512GB - Plateado",2618070
Funda Laptop 15 pulgadas,"Computador Portátil HP 15"" Pulgadas fd2351la Táctil - Intel Core Ultra 5 - RAM 8GB - Disco SSD 512GB - Plateado",2499070
Funda Laptop 15 pulgadas,"Computador Portátil HP 15"" Pulgadas fd2078la Táctil - Intel Core Ultra 7 - RAM 16GB - Disco SSD 512GB - Plateado
4.3
(3)",3699070
Funda Laptop 15 pulgadas,"Computador Portátil HP 15"" Pulgadas fd2352la - Intel Core Ultra 5 - RAM 16GB - Disco SSD 512GB - Plateado",2599070
Funda Laptop 15 pulgadas,"Computador Portátil HP 15"" Pulgadas fd2350la - Intel Core Ultra 5 - RAM 8GB - Disco SSD 512GB - Plateado",2399070
Funda Laptop 15 pulgadas,"Computador Portátil HP 15"" Pulgadas fd2373la - Intel Core Ultra 7 - RAM 24GB - Disco SSD 512GB - Plateado",4499070
Funda Laptop 15 pulgadas,"Computador Portátil HP 15"" Pulgadas fc0287la - AMD Ryzen 7 - RAM 8GB - Disco SSD 512GB - Plateado",2399070
Funda Laptop 15 pulgadas,"Computador Portátil HP 15"" Pulgadas fc0372la - AMD Ryzen 7 - RAM 16GB - Disco SSD 512GB - Plateado",2599070
Funda Laptop 15 pulgadas,"Computador Portátil HP 15"" Pulgadas Fd0268la - Intel Core i5 - 12GB RAM - Disco SSD 512GB - Azul
4.8
(4)",2399070
Funda Laptop 15 pulgadas,"Computador Portátil HP 15.6"" Pulgadas fd0263la Intel Core i5 - RAM 16GB - Disco SSD 1TB - Azul
5.0
(21)",2399070
Funda Laptop 15 pulgadas,"Computador Portátil LENOVO 15,6"" Pulgadas IdeaPad Slim 3 - AMD Ryzen 5 - RAM 8GB - Disco SSD 512GB - Azul
4.8
(130)",1899070
Funda Laptop 15 pulgadas,"Computador Portátil HP Omnibook 15"" Pulgadas Fn0072la - AMD Ryzen 7 IA - RAM 24GB - Disco SSD 512GB - Plateado",4399070
Funda Laptop 15 pulgadas,"Funda TECHBAG para Portátil 15"" Pulgadas
5.0
(7)",39900
Funda Laptop 15 pulgadas,"Computador Portátil ASUS Vivobook 15.6"" Pulgadas X1504VA - Intel Core 5 - RAM 24GB - Disco SSD 1 TB - Azul
4.9
(12)",3199050
Funda Laptop 15 pulgadas,"Computador Portátil ASUS Vivobook 15.6"" Pulgadas X1504VA - Intel Core i3 - RAM 8GB - Disco SSD 512GB - Plateado
4.5
(4)",1679050
Funda Laptop 15 pulgadas,"Computador Portátil ACER Aspire 15.6"" Pulgadas R95V - AMD Ryzen 5 - RAM 16GB - Disco SSD 512GB - Plateado
5.0
(1)",2299030
Funda Laptop 15 pulgadas,"Computador Portátil ASUS Vivobook 15.6"" Pulgadas X1504VA-Tactil - Intel Core 5 - RAM 24GB - Disco SSD 512GB - Azul
5.0
(2)",2359050
Funda Laptop 15 pulgadas,"Computador Portátil ASUS Vivobook 15.6"" Pulgadas X1504VA - Intel Core 5 - RAM 8GB - Disco SSD 512GB - Azul",1999050
Funda Laptop 15 pulgadas,"Computador Portátil ASUS Vivobook 15.6"" Pulgadas X1502VA - Intel Core i5 - RAM 8GB - Disco SSD 1TB - Azul
4.7
(7)",2069050
Funda Laptop 15 pulgadas,"Computador Portátil ASUS Vivobook 15.6"" Pulgadas X1504VA-Tactil - Intel Core 5 - RAM 16GB - Disco SSD 512GB - Azul
5.0
(2)",2349050
Funda Laptop 15 pulgadas,"Computador Portátil HP ProBook 15.6"" Pulgadas PB450 G10 - Intel Core i7 - RAM 16GB - Disco SSD 1 TB - Plateado
5.0
(2)",5649070
Soporte para Monitor,"Soporte Ergonómico EMMTECGNOLOGY Escualizable para Monitor Tipo Brazo 10""-30""",159900
Soporte para Monitor,"Soporte TECHNOSOPORTES Escualizable Doble BRAZO para Monitor de 10"" a 32"" + 2 Correas de Velcro
4.5
(2)",189900
Mouse Inalambrico,Magic Mouse APPLE Inalámbrico Ergonómico USB-C Blanco,549000
Mouse Inalambrico,"Mouse HP Inalámbrico Óptico 150 Negro
4.8
(98)",39900
Mouse Inalambrico,"Mouse MAXELL Inalámbrico Ergonómico Vertical Negro
5.0
(2)",84900
Mouse Inalambrico,"Mouse LENOVO Inalámbrico Óptico GX300 Negro
5.0
(27)",39900
Mouse Inalambrico,"Mouse TRUST Inalámbrico Óptico Ergonómico Vertical Bayo Negro con Gris
5.0
(11)",149900
Mouse Inalambrico,"Magic Mouse APPLE Inalámbrico Ergonómico Multi-Touch Negro
5.0
(1)",629010
Mouse Inalambrico,"Mouse LOGITECH Inalámbrico Óptico Ergonómico Vertical Lift Rosado
4.8
(4)",359900
Mouse Inalambrico,"Mouse HP Inalámbrico Óptico Bluetooth|USB 400 Negro
5.0
(3)",69900
Mouse Inalambrico,"Mouse HP Inalámbrico Bluetooth|USB Óptico 400 Morado
4.7
(3)",69900
Mouse Inalambrico,"Mouse XKIM Inalámbrico Ergonómico Vertical X Recargable Negro
4.3
(6)",78900
Mouse Inalambrico,"Mouse HP Inalámbrico Optico 200-Negro
4.9
(108)",49900
Mouse Inalambrico,"Mouse ACER inalámbrico Óptico AMR100 Azul|Verde
5.0
(6)",49900
Mouse Inalambrico,"Mouse HP Inalámbrico Óptico Bluetooth|USB 400 Azul
5.0
(1)",69900
Mouse Inalambrico,"Mouse LOGITECH Inalámbrico USB|Bluetooth Ergonómico Lift Vertical Negro
5.0
(18)",329900
Mouse Inalambrico,"Mouse HP Inalámbrico Óptico Bluetooth|USB 400 Rosado
5.0
(1)",69900
Mouse Inalambrico,"Mouse ASUS Inalámbrico Laser Ergonómico WT425 Negro Mate
5.0
(5)",69900
Mouse Inalambrico,"Mouse LOGITECH Inalámbrico Óptico M280 Negro
4.8
(42)",89900
Mouse Inalambrico,"Mouse HP Inalambrico Optico 200-Negro/Plata
4.7
(35)",54900
Mouse Inalambrico,Mouse MAXELL Inalámbrico Óptico Bluetooth 100 Negro,18900
Mouse Inalambrico,"Mouse LENOVO Inalámbrico Óptico 530 Gris
5.0
(18)",59900
Mouse Inalambrico,"Mouse ESENSES Inalámbrico Óptico Bluetooth WOM-2010 Negro
1.0
(1)",33900
Mouse Inalambrico,"Mouse HP Inalámbrico Bluetooth|USB Óptico Z3700 Negro
4.9
(17)",79900
Mouse Inalambrico,Mouse ACER inalámbrico Óptico AMR100 Durazno|Naranja,49900
Mouse Inalambrico,"Mouse LOGITECH Inalámbrico Óptico Mediano M650 Gris
5.0
(7)",179900
Mouse Inalambrico,"Mouse KALLEY Inalámbrico Óptico Ergonómico USB K-MIN Negro
5.0
(4)",28900
Cargador Carga Rapida,"Adaptador|Cargador Pared SAMSUNG USB-C 25W Carga Rápida
4.9
(501)",94900
Cargador Carga Rapida,"Adaptador|Cargador Pared SAMSUNG USB-C 45W Carga Rápida + Cable 1.8 metros
5.0
(20)",241900
Cargador Carga Rapida,"Adaptador|Cargador Pared|BELKIN USB-C 68W Carga Rápida Blanco + Cable USBC 2 Metros Blanco
5.0
(2)",109900
Cargador Carga Rapida,"Adaptador|Cargador Pared MOPHIE USB-C 67W Carga Rápida Blanco + Cable 2 mts
5.0
(2)",149900
Cargador Carga Rapida,"Adaptador|Cargador Pared|BELKIN USB-C 25W Carga Rápida Blanco
5.0
(1)",79900
Cargador Carga Rapida,Adaptador|Cargador Pared|BELKIN USB-C 45W Carga Rápida Blanco,119900
Cargador Carga Rapida,Adaptador|Cargador Pared BELKIN USB-C 25W Carga Rápida Negro + Cable 1.0 metro|Bateria Recargable 5000 mAh,176900
Cargador Carga Rapida,"Adaptador|Cargador de Pared i2GO USB-C 20W Carga Rápida Blanco
5.0
(2)",55900
Cargador Carga Rapida,Adaptador|Cargador de Pared i2GO USB-C 20W Carga Rápida Negro,55900
Cargador Carga Rapida,"Adaptador|Cargador Pared BELKIN Dual USB-C 32W Carga Rápida (USB-C 20W|USB-A 12W)
4.3
(9)",59900
Cargador Carga Rapida,"Adaptador|Cargador de Carro i2GO USB-C 20W Carga Rápida Negro
5.0
(1)",50900
Cargador Carga Rapida,Adaptador|Cargador de Pared I2GO USB-C 33W Carga Rápida + Cable USB-C a USB-C 60W 1.5 Metros Negro,99900
Cargador Carga Rapida,"Adaptador|Cargador de Pared KALLEY Dual USB|USB-C 20W Carga Rápida K-CP Blanco
4.9
(125)",29900
Cargador Carga Rapida,"Adaptador|Cargador de Pared KALLEY Triple Puerto 65W (USB-C 25W|USB-C 25W |USB-A 15W) Carga Rápida K-C65 Negro
4.0
(1)",65900
Cargador Carga Rapida,"Adaptador|Cargador de Pared ADATA USB-C a USB (25W USB-C1 | 25W USB-C2 | 15W USB-A) 65W Carga Rápida + Cable USB-C a USB-C 2.0 metros Negro
5.0
(7)",99900
Cargador Carga Rapida,Adaptador|Cargador de Pared ADATA dual USB-C 35W Carga Rápida (USB-C 20W |USB-A 15W) + Cable USB-C a USB-C 2.0 metros Negro,49900
Cargador Carga Rapida,"Adaptador|Cargador de Pared ADATA dual (USB-C 20W |USB-A 15W) 35W Carga Rápida Blanco
5.0
(4)",39900
Cargador Carga Rapida,Cargador de Auto Dual i2GO 35W – USB-C + USB-A Carga Rápida,65900
Cargador Carga Rapida,"Adaptador|Cargador de Pared ADATA dual (USB-C 20W |USB-A 15W) 35W Carga Rápida Negro
4.9
(9)",39900
Cargador Carga Rapida,Cable 2 en 1 USB-C / USB-A a USB-C – Carga Rápida 3 m,45900
Cargador Carga Rapida,Adaptador|Cargador de Pared ESENSES Dual USB-C 65W Carga Rápida (USB-C 45W|USB-C 15W|USB-A 5W) + Cable USB-C a USB-C 60W de 1.5 Metro,99900
Cargador Carga Rapida,"Adaptador|Cargador de Pared i2GO USB-A 10.5W Carga Rápida Negro
5.0
(1)",33900
Teclado Mecanico RGB,Teclado PRIMUS Alámbrico Mecánico Gaming Ballista 61T Negro,199900
Teclado Mecanico RGB,Teclado HYPERX Alámbrico Mecánico Alloy Origins 60,469900
Teclado Mecanico RGB,"Teclado PRIMUS Alámbrico Mecánico Gaming Ballista Negro
5.0
(5)",259900
Teclado Mecanico RGB,"Teclado LOGITECH G Mecánico G413 SE Gaming
4.8
(4)",469900
Teclado Mecanico RGB,"Teclado LOGITECH Alámbrico Mecánico Gaming GPRO
5.0
(1)",649900
Teclado Mecanico RGB,"Teclado HYPERX Alámbrico Gaming Alloy Core RGB Negro
5.0
(10)",239900
Teclado Mecanico RGB,"Combo KLIP XTREME Teclado y Mouse inalámbrico RGB KBK-520 Gris|Negro
4.4
(7)",149900
Teclado Mecanico RGB,"Combo LENOVO Teclado y Mouse inalámbrico RGB 510 Negro
5.0
(6)",119900
Teclado Mecanico RGB,"Combo LENOVO Teclado y Mouse inalámbrico RGB 510 Blanco
4.0
(4)",119900
Teclado Mecanico RGB,Teclado HYPERX Alámbrico Mecánico Alloy Rise Negro,799900
Teclado Mecanico RGB,"Teclado KALLEY Alámbrico Gaming K-KGT Negro|Rojo
4.9
(71)",39900
Teclado Mecanico RGB,"Combo XTECH Alámbrico Teclado + Mouse XTK-540S Gaming Rosado
5.0
(5)",99900
Teclado Mecanico RGB,"Teclado LOGITECH G Alámbrico Gaming G213
4.6
(15)",289900
Teclado Mecanico RGB,"Teclado LOGITECH G G413 SE TKL Gaming
5.0
(1)",459900
Teclado Mecanico RGB,"Teclado TRUST Alámbrico Gaming GXT 836 Evocx Negro
5.0
(1)",139900
Teclado Mecanico RGB,"Mouse HYPERX Alámbrico Optico Pulsefire Core 6200DPI RGB Gaming
4.8
(13)",69900
Teclado Mecanico RGB,"Audífonos de Diadema LOGITECH G Inalámbricos Gaming Lila Lightspeed para juegos RGB G733 PC y Consola
5.0
(1)",384950
Teclado Mecanico RGB,Mouse HYPERX Alámbrico Optico Pulsefire Haste 2 3200DPI RGB Gaming,219900
Teclado Mecanico RGB,"Combo HP Inalámbrico Teclado+Mouse 330 Negro
4.9
(125)",92900
Teclado Mecanico RGB,"Combo KALLEY Inalámbrico Teclado + Mouse K-CIN Negro Mate
4.8
(24)",59900
Teclado Mecanico RGB,"Combo KALLEY Inalámbrico Teclado + Mouse K-CIM Morado Mate
5.0
(17)",69900
Teclado Mecanico RGB,"Combo HP Alámbrico Teclado + Mouse 150 Negro
4.7
(28)",79900
Teclado Mecanico RGB,"Combo LOGITECH Inalámbrico Teclado + Mouse MK295
4.8
(31)",119900
Teclado Mecanico RGB,"Combo HP Inalámbrico Teclado+Mouse 230 Blanco
4.9
(60)",129900
Teclado Mecanico RGB,"Combo HP Inalámbrico Teclado + Mouse 300
4.7
(73)",139900
Monitor 24 pulgadas FHD,"Monitor LG 24"" Pulgadas 24U411A FHD Plano Negro
4.7
(22)",439900
Monitor 24 pulgadas FHD,"Monitor SAMSUNG 24"" Pulgadas D300 FHD Plano Negro
4.9
(18)",429930
Monitor 24 pulgadas FHD,"Monitor ASUS 24"" Pulgadas VA249HG FHD Plano Negro
4.7
(16)",399000
Monitor 24 pulgadas FHD,"Monitor KALLEY 24"" Pulgadas M24FP3 FHD Plano Negro
4.9
(18)",429900
Monitor 24 pulgadas FHD,"Monitor LG Gamer 24"" Pulgadas 24GS65F FHD Plano Negro
4.8
(28)",669900
Monitor 24 pulgadas FHD,"Monitor HP OMEN Gamer 23.8"" Pulgadas FHD Plano Negro
4.9
(18)",639900
Disco Duro Externo 1TB,"Disco Estado Solido Externo ADATA SC750 1TB
5.0
(3)",839900
Disco Duro Externo 1TB,"Disco Estado Solido Externo ADATA SD620 1TB
5.0
(3)",829900
Disco Duro Externo 1TB,"Disco Estado Solido Externo ADATA SD810 1TB
5.0
(6)",869900
Disco Duro Externo 1TB,"Disco Estado Solido Externo SSD KINGSTON XS1000 1TB Negro
5.0
(5)",999900
Webcam HD 1080p,"Cámara de Seguridad Interior VTA+ Ovo 2 Domo 1080P HD con Rotación
4.7
(30)",139900
Webcam HD 1080p,"Cámara Web HP FHD 1080p 320 Negro
5.0
(12)",159900
Webcam HD 1080p,"Cámara Web LOGITECH HD Pro C920S
5.0
(16)",399900
Webcam HD 1080p,Camara Web LOGITECH 4K 1080p MX Brio Gris,999900
Webcam HD 1080p,"Cámara Web LOGITECH HD Pro Stream C922
4.7
(15)",479900
Webcam HD 1080p,"Cámara Web HP FHD 1080p 430 Negro
5.0
(3)",179900
Webcam HD 1080p,"TV CHALLENGER 32"" Pulgadas 80 cm 32CR10 T2 HD LED Smart TV Roku
4.8
(13)",539900
Webcam HD 1080p,"TV CHALLENGER 32"" Pulgadas 80 cm 32KG90 HD LED Smart TV Google
4.6
(16)",629900
Webcam HD 1080p,"TV HYUNDAI 32"" Pulgadas 81 cm HYLED3257RiM HD LED Smart TV Roku
4.8
(40)",549900
Webcam HD 1080p,"TV KALLEY 32"" Pulgadas 80 cm K-RTV32 HD LED Smart TV Roku TV
4.9
(263)",569900
Webcam HD 1080p,"TV PANASONIC 32"" Pulgadas 80 cm 32S50CPN HD QLED Smart TV Google",799900
Webcam HD 1080p,"Videoproyector VTA Gunma 2 HD WiFi con Android
3.3
(4)",399930
Webcam HD 1080p,"Roku Streaming Stick HD
4.9
(20)",149000
Webcam HD 1080p,"Videoproyector VTA - 70357 Full HD LED WiFi Blanco
4.3
(12)",839930
Webcam HD 1080p,"Kit x 2 Cámaras de Seguridad Interior TP-LINK Tapo C200P2 WiFi 1080p FHD con Movimiento
5.0
(2)",195900
Webcam HD 1080p,Videoproyector VTA -70330 HD LED Home Cine Stereo Karaoke Blanco,599930
Webcam HD 1080p,"Cámara de Seguridad TP-LINK Interior Día/Noche Rotativa 1080p Tapo C201
5.0
(3)",108900
Webcam HD 1080p,"TV KALLEY 32"" Pulgadas 80 cm 32B100 HD LED
4.4
(9)",519900
Webcam HD 1080p,"Amazon Fire TV Stick HD 8 GB
4.3
(3)",206900
Webcam HD 1080p,"Videoproyector VTA - 70365 Mirror 5 HD LED Blanco
5.0
(2)",429930
Webcam HD 1080p,"Cámara TAPO C200 1080p Panoramica/Til
4.8
(142)",108900
Webcam HD 1080p,"Videoproyector VTA - 70351 HD LED con Android Tv Blanco|Gris
4.4
(12)",579930
Webcam HD 1080p,"TV CHALLENGER 32"" Pulgadas 80 cm 32KR14 T2 HD LED Smart TV Roku",569900
Webcam HD 1080p,"Videoproyector VTA - 70356 Full HD LED WiFi Gris
4.7
(10)",529930
Webcam HD 1080p,Hidrolavadora KARCHER Pro HD 4/9 CAGE Gris,3321900
